<?xml version="1.0" encoding="UTF-8"?>
<QCARConfig>
    <Tracking>
        <ImageTarget name="feelbadfrog.Front" size="2.500000 3.500000"/>
        <ImageTarget name="feelbadfrog.Back" size="2.500000 3.500000"/>
        <ImageTarget name="feelbadfrog.Top" size="2.500000 0.500000"/>
        <ImageTarget name="feelbadfrog.Bottom" size="2.500000 0.500000"/>
        <MultiTarget name="feelbadfrog">
            <Part name="feelbadfrog.Front" translation="0 0 0.25" rotation="AD: 1 0 0 0"/>
            <Part name="feelbadfrog.Back" translation="0 0 -0.25" rotation="AD: 0 1 0 180"/>
            <Part name="feelbadfrog.Top" translation="0 1.75 0" rotation="AD: 1 0 0 -90"/>
            <Part name="feelbadfrog.Bottom" translation="0 -1.75 0" rotation="AD: 1 0 0 90"/>
        </MultiTarget>
    </Tracking>
</QCARConfig>
